x_codigo,x_state_id,x_localidad,x_name
01,Aguascalientes,Aguascalientes,01 - Aguascalientes
01,Baja California,Ensenada,01 - Ensenada
01,Baja California Sur,Ciudad Constitución,01 - Ciudad Constitución
01,Campeche,San Francisco de Campeche,01 - San Francisco de Campeche
01,Coahuila,Ciudad Acuña,01 - Ciudad Acuña
01,Colima,Colima,01 - Colima
01,Chihuahua,Santa Rosalía de Camargo,01 - Santa Rosalía de Camargo
01,Chiapas,Comitán de Domínguez,01 - Comitán de Domínguez
01,Ciudad de México,Ciudad de México,01 - Ciudad de México
01,Durango,Victoria de Durango,01 - Victoria de Durango
01,Guerrero,Acapulco de Juárez,01 - Acapulco de Juárez
01,Guanajuato,Acámbaro,01 - Acámbaro
01,Hidalgo,Actopan,01 - Actopan
01,Jalisco,Ameca,01 - Ameca
01,México,Ciudad Adolfo López Mateos,01 - Ciudad Adolfo López Mateos
01,Michoacán,Apatzingán de la Constitución,01 - Apatzingán de la Constitución
01,Morelos,Cuautla (Cuautla de Morelos),01 - Cuautla (Cuautla de Morelos)
01,Nayarit,Santiago Ixcuintla,01 - Santiago Ixcuintla
01,Nuevo León,Ciudad Apodaca,01 - Ciudad Apodaca
01,Oaxaca,Juchitán (Juchitán de Zaragoza),01 - Juchitán (Juchitán de Zaragoza)
01,Puebla,Atlixco,01 - Atlixco
01,Querétaro,Querétaro,01 - Querétaro
01,Quintana Roo,Cancún,01 - Cancún
01,Sinaloa,Los Mochis,01 - Los Mochis
01,San Luis Potosí,Ciudad Valles,01 - Ciudad Valles
01,Sonora,San Luis Río Colorado,01 - San Luis Río Colorado
01,Tabasco,Cárdenas,01 - Cárdenas
01,Tamaulipas,Altamira,01 - Altamira
01,Tlaxcala,Apizaco,01 - Apizaco
01,Veracruz,Acayucan,01 - Acayucan
01,Yucatán,Mérida,01 - Mérida
01,Zacatecas,Fresnillo,01 - Fresnillo
02,Aguascalientes,Calvillo,02 - Calvillo
02,Baja California,Mexicali,02 - Mexicali
02,Baja California Sur,La Paz,02 - La Paz
02,Campeche,Ciudad del Carmen,02 - Ciudad del Carmen
02,Coahuila,Frontera,02 - Frontera
02,Colima,Manzanillo,02 - Manzanillo
02,Chihuahua,Chihuahua,02 - Chihuahua
02,Chiapas,San Cristóbal de las Casas,02 - San Cristóbal de las Casas
02,Ciudad de México,Ciudad de México,02 - Ciudad de México
02,Durango,Gómez Palacio,02 - Gómez Palacio
02,Guerrero,Chilpancingo de los Bravo,02 - Chilpancingo de los Bravo
02,Guanajuato,San miguel de Allende,02 - San miguel de Allende
02,Hidalgo,Apan,02 - Apan
02,Jalisco,Ciudad Guzmán,02 - Ciudad Guzmán
02,México,Chimalhuacán,02 - Chimalhuacán
02,Michoacán,Los Reyes de Salgado,02 - Los Reyes de Salgado
02,Morelos,Cuernavaca,02 - Cuernavaca
02,Nayarit,Tepic,02 - Tepic
02,Nuevo León,San Pedro Garza García,02 - San Pedro Garza García
02,Oaxaca,Oaxaca de Juárez,02 - Oaxaca de Juárez
02,Puebla,Izúcar de Matamoros,02 - Izúcar de Matamoros
02,Querétaro,San Juan del Rio,02 - San Juan del Rio
02,Quintana Roo,Cozumel,02 - Cozumel
02,Sinaloa,Culiacán Rosales,02 - Culiacán Rosales
02,San Luis Potosí,Ébano,02 - Ébano
02,Sonora,Agua Prieta,02 - Agua Prieta
02,Tabasco,Villahermosa,02 - Villahermosa
02,Tamaulipas,Ciudad Camargo,02 - Ciudad Camargo
02,Tlaxcala,Villa Vicente Guerrero,02 - Villa Vicente Guerrero
02,Veracruz,Naranjos,02 - Naranjos
02,Yucatán,Tizimín,02 - Tizimín
02,Zacatecas,Jerez de García Salinas,02 - Jerez de García Salinas
03,Aguascalientes,San Francisco de los Romo,03 - San Francisco de los Romo
03,Baja California,Tecate,03 - Tecate
03,Baja California Sur,Cabo San Lucas,03 - Cabo San Lucas
03,Campeche,Calkini,03 - Calkini
03,Coahuila,Matamoros,03 - Matamoros
03,Colima,Tecoman,03 - Tecoman
03,Chihuahua,Cuauhtémoc,03 - Cuauhtémoc
03,Chiapas,Tapachula de Córdova y Ordóñez,03 - Tapachula de Córdova y Ordóñez
03,Ciudad de México,Ciudad de México,03 - Ciudad de México
03,Durango,Ciudad Lerdo,03 - Ciudad Lerdo
03,Guerrero,Iguala de la Independencia,03 - Iguala de la Independencia
03,Guanajuato,Celaya,03 - Celaya
03,Hidalgo,Pachuca de Soto,03 - Pachuca de Soto
03,Jalisco,Guadalajara,03 - Guadalajara
03,México,Coacalco de Berriozabal,03 - Coacalco de Berriozabal
03,Michoacán,Ciudad Hidalgo,03 - Ciudad Hidalgo
03,Morelos,Galeana,03 - Galeana
03,Nayarit,Tuxpan,03 - Tuxpan
03,Nuevo León,Ciudad General Escobedo,03 - Ciudad General Escobedo
03,Oaxaca,Salina Cruz,03 - Salina Cruz
03,Puebla,Puebla (Heroica Puebla),03 - Puebla (Heroica Puebla)
03,Quintana Roo,Felipe Carrillo Puerto,03 - Felipe Carrillo Puerto
03,Sinaloa,Escuinapa de Hidalgo,03 - Escuinapa de Hidalgo
03,San Luis Potosí,Matehuala,03 - Matehuala
03,Sonora,Heroica Caborca,03 - Heroica Caborca
03,Tabasco,Comalcalco,03 - Comalcalco
03,Tamaulipas,Ciudad Madero,03 - Ciudad Madero
03,Tlaxcala,Tlaxcala (Tlaxcala de Xicotencatl),03 - Tlaxcala (Tlaxcala de Xicotencatl)
03,Veracruz,Boca del RÍo,03 - Boca del RÍo
03,Yucatán,Ticul,03 - Ticul
03,Zacatecas,Zacatecas,03 - Zacatecas
04,Aguascalientes,Jesús María,04 - Jesús María
04,Baja California,Tijuana,04 - Tijuana
04,Baja California Sur,San José del Cabo,04 - San José del Cabo
04,Campeche,Candelaria,04 - Candelaria
04,Coahuila,Monclova,04 - Monclova
04,Colima,Ciudad de Villa de Álvarez,04 - Ciudad de Villa de Álvarez
04,Chihuahua,Delicias,04 - Delicias
04,Chiapas,Tuxtla Gutiérrez,04 - Tuxtla Gutiérrez
04,Ciudad de México,Ciudad de México,04 - Ciudad de México
04,Durango,Santiago Papasquiaro,04 - Santiago Papasquiaro
04,Guerrero,Taxco de Alarcón,04 - Taxco de Alarcón
04,Guanajuato,Cortazar,04 - Cortazar
04,Hidalgo,Cd. de Fray Bernardino de Sahagún,04 - Cd. de Fray Bernardino de Sahagún
04,Jalisco,Lagos de Moreno,04 - Lagos de Moreno
04,México,Cuautitlán Izcalli,04 - Cuautitlán Izcalli
04,Michoacán,Jacona de Plancarte,04 - Jacona de Plancarte
04,Morelos,Jojutla,04 - Jojutla
04,Nayarit,Acaponeta,04 - Acaponeta
04,Nuevo León,Guadalupe,04 - Guadalupe
04,Oaxaca,San Juan Bautista Tuxtepec,04 - San Juan Bautista Tuxtepec
04,Puebla,San Martín Texmelucan de Labastida,04 - San Martín Texmelucan de Labastida
04,Querétaro,El Pueblito,04 - El Pueblito
04,Quintana Roo,Chetumal,04 - Chetumal
04,Sinaloa,Guasave,04 - Guasave
04,San Luis Potosí,Rioverde,04 - Rioverde
04,Sonora,Ciudad Obregón,04 - Ciudad Obregón
04,Tabasco,Emiliano Zapata,04 - Emiliano Zapata
04,Tamaulipas,Ciudad Mante,04 - Ciudad Mante
04,Tlaxcala,Huamantla,04 - Huamantla
04,Veracruz,Coatepec,04 - Coatepec
04,Yucatán,Motul de Carrillo Puerto,04 - Motul de Carrillo Puerto
04,Zacatecas,Guadalupe,04 - Guadalupe
05,Aguascalientes,Pabellón de Arteaga,05 - Pabellón de Arteaga
05,Baja California,Playas de Rosarito,05 - Playas de Rosarito
05,Baja California Sur,Loreto,05 - Loreto
05,Campeche,Escárcega,05 - Escárcega
05,Coahuila,Parras de la Fuente,05 - Parras de la Fuente
05,Colima,Ciudad de Armería,05 - Ciudad de Armería
05,Chihuahua,Hidalgo del Parral,05 - Hidalgo del Parral
05,Chiapas,Venustiano Carranza,05 - Venustiano Carranza
05,Ciudad de México,Ciudad de México,05 - Ciudad de México
05,Durango,Canatlán,05 - Canatlán
05,Guerrero,Arcelia,05 - Arcelia
05,Guanajuato,Guanajuato,05 - Guanajuato
05,Hidalgo,Tula de Allende,05 - Tula de Allende
05,Jalisco,Ocotlán,05 - Ocotlán
05,México,Ecatepec de Morelos,05 - Ecatepec de Morelos
05,Michoacán,La piedad de Cabadas,05 - La piedad de Cabadas
05,Morelos,Puente de Ixtla,05 - Puente de Ixtla
05,Nayarit,Tecuala,05 - Tecuala
05,Nuevo León,Linares,05 - Linares
05,Oaxaca,Matías Romero Avendaño,05 - Matías Romero Avendaño
05,Puebla,Tehuacan,05 - Tehuacan
05,Quintana Roo,Playa del Carmen,05 - Playa del Carmen
05,Sinaloa,Mazatlán,05 - Mazatlán
05,San Luis Potosí,San Luis Potosí,05 - San Luis Potosí
05,Sonora,Empalme,05 - Empalme
05,Tabasco,Jalpa de Méndez,05 - Jalpa de Méndez
05,Tamaulipas,Heroica Matamoros,05 - Heroica Matamoros
05,Tlaxcala,Calpulalpan,05 - Calpulalpan
05,Veracruz,Agua dulce,05 - Agua dulce
05,Yucatán,Valladolid,05 - Valladolid
05,Zacatecas,Río Grande,05 - Río Grande
06,Aguascalientes,Rincón de Romos,06 - Rincón de Romos
06,Baja California,Rodolfo Sánchez T. (Maneadero),06 - Rodolfo Sánchez T. (Maneadero)
06,Baja California Sur,Puerto Adolfo López Mateos,06 - Puerto Adolfo López Mateos
06,Campeche,Sabancuy,06 - Sabancuy
06,Coahuila,Piedras Negras,06 - Piedras Negras
06,Chihuahua,Juárez,06 - Juárez
06,Chiapas,Jiquipilas,06 - Jiquipilas
06,Ciudad de México,Ciudad de México,06 - Ciudad de México
06,Durango,San Juan del Río del Centauro del Norte,06 - San Juan del Río del Centauro del Norte
06,Guerrero,Ayutla de los Libres,06 - Ayutla de los Libres
06,Guanajuato,Irapuato,06 - Irapuato
06,Hidalgo,Tulancingo,06 - Tulancingo
06,Jalisco,Puerto Vallarta,06 - Puerto Vallarta
06,México,Huixquilucan de Degollado,06 - Huixquilucan de Degollado
06,Michoacán,Morelia,06 - Morelia
06,Morelos,Santa Rosa Treinta,06 - Santa Rosa Treinta
06,Nayarit,Compostela,06 - Compostela
06,Nuevo León,Montemorelos,06 - Montemorelos
06,Oaxaca,Heroica Ciudad de Huajuapan de León,06 - Heroica Ciudad de Huajuapan de León
06,Puebla,Teziutlan,06 - Teziutlan
06,Quintana Roo,Kantunilkín,06 - Kantunilkín
06,Sinaloa,Guamúchil,06 - Guamúchil
06,San Luis Potosí,Soledad de Graciano Sánchez,06 - Soledad de Graciano Sánchez
06,Sonora,Heroica Guaymas,06 - Heroica Guaymas
06,Tamaulipas,Nuevo Laredo,06 - Nuevo Laredo
06,Tlaxcala,Chiautempan,06 - Chiautempan
06,Veracruz,Coatzacoalcos,06 - Coatzacoalcos
06,Yucatán,Kanasín,06 - Kanasín
06,Zacatecas,Ciudad Cuauhtémoc,06 - Ciudad Cuauhtémoc
07,Aguascalientes,Asientos,07 - Asientos
07,Baja California,San Felipe,07 - San Felipe
07,Baja California Sur,Todos Santos,07 - Todos Santos
07,Campeche,Hopelchén,07 - Hopelchén
07,Coahuila,Sabinas,07 - Sabinas
07,Chihuahua,Nuevo Casas Grandes,07 - Nuevo Casas Grandes
07,Chiapas,Villaflores,07 - Villaflores
07,Ciudad de México,Ciudad de México,07 - Ciudad de México
07,Durango,Peñón Blanco,07 - Peñón Blanco
07,Guerrero,Atoyac de Álvarez,07 - Atoyac de Álvarez
07,Guanajuato,León de los Aldama,07 - León de los Aldama
07,Hidalgo,Zimapan,07 - Zimapan
07,Jalisco,San Juan de los Lagos,07 - San Juan de los Lagos
07,México,Los Reyes Acaquilpan (La Paz),07 - Los Reyes Acaquilpan (La Paz)
07,Michoacán,Pátzcuaro,07 - Pátzcuaro
07,Morelos,Zacatepec de Hidalgo,07 - Zacatepec de Hidalgo
07,Nayarit,Francisco I. Madero (Puga),07 - Francisco I. Madero (Puga)
07,Nuevo León,Monterrey,07 - Monterrey
07,Oaxaca,Loma Bonita,07 - Loma Bonita
07,Puebla,San Andrés Cholula,07 - San Andrés Cholula
07,Quintana Roo,Isla Mujeres,07 - Isla Mujeres
07,Sinaloa,Navolato,07 - Navolato
07,San Luis Potosí,Charcas,07 - Charcas
07,Sonora,Hermosillo,07 - Hermosillo
07,Tabasco,Macuspana,07 - Macuspana
07,Tamaulipas,Reynosa,07 - Reynosa
07,Veracruz,Córdoba,07 - Córdoba
07,Zacatecas,Ojocaliente,07 - Ojocaliente
08,Aguascalientes,Tepezalá,08 - Tepezalá
08,Baja California Sur,Heroica Mulegé,08 - Heroica Mulegé
08,Campeche,Champotón,08 - Champotón
08,Coahuila,Saltillo,08 - Saltillo
08,Chiapas,Las Margaritas,08 - Las Margaritas
08,Ciudad de México,Ciudad de México,08 - Ciudad de México
08,Durango,Francisco I. Madero,08 - Francisco I. Madero
08,Guanajuato,Moroleón,08 - Moroleón
08,Hidalgo,Huejutla de Reyes,08 - Huejutla de Reyes
08,Jalisco,Tepatitlán de Morelos,08 - Tepatitlán de Morelos
08,México,Metepec,08 - Metepec
08,Michoacán,Sahuayo de Morelos,08 - Sahuayo de Morelos
08,Morelos,Tlaquiltenango,08 - Tlaquiltenango
08,Nayarit,Villa Hidalgo (El Nuevo),08 - Villa Hidalgo (El Nuevo)
08,Nuevo León,Ciudad Sabinas Hidalgo,08 - Ciudad Sabinas Hidalgo
08,Oaxaca,Puerto Escondido,08 - Puerto Escondido
08,Puebla,San Pedro Cholula,08 - San Pedro Cholula
08,Quintana Roo,Bacalar,08 - Bacalar
08,Sinaloa,Quila,08 - Quila
08,San Luis Potosí,Salinas de Hidalgo,08 - Salinas de Hidalgo
08,Sonora,Huatabampo,08 - Huatabampo
08,Tabasco,Tenosique de Pino Suárez,08 - Tenosique de Pino Suárez
08,Tamaulipas,Ciudad Río Bravo,08 - Ciudad Río Bravo
08,Veracruz,Tres Valles,08 - Tres Valles
08,Zacatecas,Villa Hidalgo,08 - Villa Hidalgo
09,Aguascalientes,Cosío,09 - Cosío
09,Baja California Sur,Villa Alberto Andrés Alvarado Arámburo,09 - Villa Alberto Andrés Alvarado Arámburo
09,Campeche,Hecelchakán,09 - Hecelchakán
09,Coahuila,Nueva Rosita,09 - Nueva Rosita
09,Chihuahua,Madera,09 - Madera
09,Chiapas,Arriaga,09 - Arriaga
09,Ciudad de México,Ciudad de México,09 - Ciudad de México
09,Durango,Nombre de Dios,09 - Nombre de Dios
09,Guerrero,San Jerónimo de Juárez,09 - San Jerónimo de Juárez
09,Guanajuato,Salamanca,09 - Salamanca
09,Hidalgo,Tlaxcoapan,09 - Tlaxcoapan
09,Jalisco,Tlaquepaque,09 - Tlaquepaque
09,México,Naucalpan de Juárez,09 - Naucalpan de Juárez
09,Michoacán,Uruapan,09 - Uruapan
09,Nayarit,Ruiz,09 - Ruiz
09,Nuevo León,San Nicolás de los Garza,09 - San Nicolás de los Garza
09,Oaxaca,Río Grande o Piedra Parada,09 - Río Grande o Piedra Parada
09,Puebla,Huauchinango,09 - Huauchinango
09,Sinaloa,Ahome,09 - Ahome
09,San Luis Potosí,Cárdenas,09 - Cárdenas
09,Sonora,Navojoa,09 - Navojoa
09,Tabasco,Teapa,09 - Teapa
09,Tamaulipas,San Fernando,09 - San Fernando
09,Veracruz,Jáltipan de Morelos,09 - Jáltipan de Morelos
09,Zacatecas,Villanueva,09 - Villanueva
10,Baja California Sur,San Ignacio,10 - San Ignacio
10,Coahuila,San Pedro,10 - San Pedro
10,Chihuahua,Colonia Anáhuac,10 - Colonia Anáhuac
10,Chiapas,Palenque,10 - Palenque
10,Ciudad de México,Ciudad de México,10 - Ciudad de México
10,Durango,Vicente Guerrero,10 - Vicente Guerrero
10,Guerrero,Ciudad Apaxtla de Castrejón,10 - Ciudad Apaxtla de Castrejón
10,Guanajuato,San Francisco del Rincón,10 - San Francisco del Rincón
10,Hidalgo,Tizayuca,10 - Tizayuca
10,Jalisco,Zapopan,10 - Zapopan
10,México,Ciudad Nezahualcoyotl,10 - Ciudad Nezahualcoyotl
10,Michoacán,Zacapu,10 - Zacapu
10,Nayarit,San Blas,10 - San Blas
10,Nuevo León,Ciudad Santa Catarina,10 - Ciudad Santa Catarina
10,Puebla,Acatlán de Osorio,10 - Acatlán de Osorio
10,Sinaloa,Higuera de Zaragoza,10 - Higuera de Zaragoza
10,San Luis Potosí,Cerritos,10 - Cerritos
10,Sonora,Heroica Nogales,10 - Heroica Nogales
10,Tabasco,Paraíso,10 - Paraíso
10,Tamaulipas,Tampico,10 - Tampico
10,Veracruz,Xalapa-Enríquez,10 - Xalapa-Enríquez
10,Zacatecas,Villa de Cos,10 - Villa de Cos
11,Baja California Sur,Guerrero Negro,11 - Guerrero Negro
11,Campeche,Pomuch,11 - Pomuch
11,Coahuila,Torreón,11 - Torreón
11,Chihuahua,Juan Aldama,11 - Juan Aldama
11,Chiapas,Ocosingo,11 - Ocosingo
11,Ciudad de México,Ciudad de México,11 - Ciudad de México
11,Durango,El Salto,11 - El Salto
11,Guerrero,Ciudad Altamirano,11 - Ciudad Altamirano
11,Guanajuato,Silao,11 - Silao
11,Hidalgo,Santiago Tulantepec,11 - Santiago Tulantepec
11,Jalisco,Tlajomulco de Zúñiga,11 - Tlajomulco de Zúñiga
11,México,Villa Nicolás Romero,11 - Villa Nicolás Romero
11,Michoacán,Zamora de Hidalgo,11 - Zamora de Hidalgo
11,Nayarit,Ixtlán del Río,11 - Ixtlán del Río
11,Nuevo León,Doctor Arroyo,11 - Doctor Arroyo
11,Oaxaca,Santiago Suchilquitongo,11 - Santiago Suchilquitongo
11,Puebla,Cuautlancingo,11 - Cuautlancingo
11,Sinaloa,Choix,11 - Choix
11,San Luis Potosí,Tamuin,11 - Tamuin
11,Sonora,Puerto Peñasco,11 - Puerto Peñasco
11,Tabasco,Frontera,11 - Frontera
11,Tamaulipas,Ciudad Victoria,11 - Ciudad Victoria
11,Veracruz,Minatitlán,11 - Minatitlán
11,Zacatecas,Nochistlán de Mejía,11 - Nochistlán de Mejía
12,Baja California Sur,Santa Rosalía,12 - Santa Rosalía
12,Coahuila,Castaños,12 - Castaños
12,Chihuahua,José Mariano Jiménez,12 - José Mariano Jiménez
12,Chiapas,Tonalá,12 - Tonalá
12,Ciudad de México,Ciudad de México,12 - Ciudad de México
12,Durango,Santa María del Oro,12 - Santa María del Oro
12,Guerrero,Buenavista de Cuellar,12 - Buenavista de Cuellar
12,Guanajuato,Jerécuaro,12 - Jerécuaro
12,Hidalgo,Ixmiquilpan,12 - Ixmiquilpan
12,Jalisco,Tonalá,12 - Tonalá
12,México,Tecamac de Felipe Villanueva,12 - Tecamac de Felipe Villanueva
12,Michoacán,Heroica Zitácuaro,12 - Heroica Zitácuaro
12,Nayarit,Bucerías,12 - Bucerías
12,Nuevo León,Ciénega de Flores,12 - Ciénega de Flores
12,Oaxaca,San Felipe Jalapa de Díaz,12 - San Felipe Jalapa de Díaz
12,Puebla,Tepeaca,12 - Tepeaca
12,Sinaloa,Villa Unión,12 - Villa Unión
12,San Luis Potosí,Tamasopo,12 - Tamasopo
12,Sonora,Heroica Ciudad de Cananea,12 - Heroica Ciudad de Cananea
12,Tabasco,Cunduacán,12 - Cunduacán
12,Tamaulipas,González,12 - González
12,Veracruz,Orizaba,12 - Orizaba
12,Zacatecas,Víctor Rosales,12 - Víctor Rosales
13,Coahuila,Francisco I. Madero (Chávez),13 - Francisco I. Madero (Chávez)
13,Chihuahua,Manuel Ojinaga,13 - Manuel Ojinaga
13,Chiapas,Mapastepec,13 - Mapastepec
13,Ciudad de México,Ciudad de México,13 - Ciudad de México
13,Guerrero,Cutzamala de Pinzón,13 - Cutzamala de Pinzón
13,Guanajuato,Santiago Maravatío,13 - Santiago Maravatío
13,Hidalgo,Tepeji del Rio,13 - Tepeji del Rio
13,Jalisco,Tuxpan,13 - Tuxpan
13,México,Tepotzotlán,13 - Tepotzotlán
13,Michoacán,Paracho de Verduzco,13 - Paracho de Verduzco
13,Nayarit,Las Varas,13 - Las Varas
13,Nuevo León,Hualahuises,13 - Hualahuises
13,Oaxaca,Bahias de Huatulco,13 - Bahias de Huatulco
13,Puebla,Tecamachalco,13 - Tecamachalco
13,Sinaloa,Sinaloa de Leyva,13 - Sinaloa de Leyva
13,San Luis Potosí,Ciudad del Maíz,13 - Ciudad del Maíz
13,Sonora,Sonoita,13 - Sonoita
13,Tabasco,Huimanguillo,13 - Huimanguillo
13,Tamaulipas,Jaumave,13 - Jaumave
13,Veracruz,Papantla de Olarte,13 - Papantla de Olarte
13,Zacatecas,Valparaíso,13 - Valparaíso
14,Coahuila,Cuatro Ciénegas de Carranza,14 - Cuatro Ciénegas de Carranza
14,Chihuahua,Bachíniva,14 - Bachíniva
14,Chiapas,Las Rosas,14 - Las Rosas
14,Ciudad de México,Ciudad de México,14 - Ciudad de México
14,Guerrero,Coyuca de Catalán,14 - Coyuca de Catalán
14,Guanajuato,Romita,14 - Romita
14,Hidalgo,Cruz Azul,14 - Cruz Azul
14,Jalisco,Tototlán,14 - Tototlán
14,México,Tlalnepantla de Baz,14 - Tlalnepantla de Baz
14,Michoacán,Tangancícuaro de Arista,14 - Tangancícuaro de Arista
14,Nayarit,Xalisco,14 - Xalisco
14,Oaxaca,Putla Villa de Guerrero,14 - Putla Villa de Guerrero
14,Puebla,Zacatlán,14 - Zacatlán
14,Sinaloa,Mocorito,14 - Mocorito
14,San Luis Potosí,Cedral,14 - Cedral
14,Sonora,Magdalena de Kino,14 - Magdalena de Kino
14,Tamaulipas,Ciudad Gustavo Díaz Ordaz,14 - Ciudad Gustavo Díaz Ordaz
14,Veracruz,Poza Rica de Hidalgo,14 - Poza Rica de Hidalgo
14,Zacatecas,Luis Moya,14 - Luis Moya
15,Coahuila,Nadadores,15 - Nadadores
15,Chihuahua,Saucillo,15 - Saucillo
15,Chiapas,Chiapa de Corzo,15 - Chiapa de Corzo
15,Ciudad de México,Ciudad de México,15 - Ciudad de México
15,Guerrero,Tierra Colorada,15 - Tierra Colorada
15,Guanajuato,Tarandacuao,15 - Tarandacuao
15,Hidalgo,Tepeapulco,15 - Tepeapulco
15,Jalisco,San Diego de Alejandría,15 - San Diego de Alejandría
15,México,Santa Maria Tultepec,15 - Santa Maria Tultepec
15,Michoacán,Maravatío de Ocampo,15 - Maravatío de Ocampo
15,Nayarit,San pedro Lagunillas,15 - San pedro Lagunillas
15,Nuevo León,Cadereyta Jiménez,15 - Cadereyta Jiménez
15,Oaxaca,Cosolapa,15 - Cosolapa
15,Puebla,Xicotepec,15 - Xicotepec
15,Sinaloa,Angostura,15 - Angostura
15,San Luis Potosí,Tierra Nueva,15 - Tierra Nueva
15,Tamaulipas,Estación Manuel (Úrsulo Galván),15 - Estación Manuel (Úrsulo Galván)
15,Veracruz,San Andrés Tuxtla,15 - San Andrés Tuxtla
15,Zacatecas,Moyahua de Estrada,15 - Moyahua de Estrada
16,Coahuila,Ramos Arizpe,16 - Ramos Arizpe
16,Chiapas,Cacahoatán,16 - Cacahoatán
16,Ciudad de México,Ciudad de México,16 - Ciudad de México
16,Guerrero,Coyuca de Benítez,16 - Coyuca de Benítez
16,Guanajuato,Huanímaro,16 - Huanímaro
16,Jalisco,La Resolana,16 - La Resolana
16,México,Tultitlán de Mariano Escobedo,16 - Tultitlán de Mariano Escobedo
16,Michoacán,Zinapécuaro de Figueroa,16 - Zinapécuaro de Figueroa
16,Nayarit,La peñita de Jaltemba,16 - La peñita de Jaltemba
16,Oaxaca,Tlacolula de Matamoros,16 - Tlacolula de Matamoros
16,Puebla,Ciudad Serdán,16 - Ciudad Serdán
16,Sinaloa,San Blas,16 - San Blas
16,San Luis Potosí,Villa de Reyes,16 - Villa de Reyes
16,Tamaulipas,Xicoténcatl,16 - Xicoténcatl
16,Veracruz,Túxpam de Rodríguez Cano,16 - Túxpam de Rodríguez Cano
16,Zacatecas,Sombrerete,16 - Sombrerete
17,Coahuila,Nava,17 - Nava
17,Chiapas,Ocozocoautla de Espinosa,17 - Ocozocoautla de Espinosa
17,Guerrero,Olinalá,17 - Olinalá
17,Guanajuato,Comonfort,17 - Comonfort
17,Jalisco,Atotonilco el Alto,17 - Atotonilco el Alto
17,México,Cuautitlán,17 - Cuautitlán
17,Michoacán,Puruándiro,17 - Puruándiro
17,Nayarit,Jala,17 - Jala
17,Nuevo León,Santiago,17 - Santiago
17,Oaxaca,San Pablo Villa de Mitla,17 - San Pablo Villa de Mitla
17,Puebla,Amozoc,17 - Amozoc
17,Sinaloa,La Cruz,17 - La Cruz
17,San Luis Potosí,Fracción el Refugio,17 - Fracción el Refugio
17,Tamaulipas,Ciudad Miguel Alemán,17 - Ciudad Miguel Alemán
17,Veracruz,Veracruz,17 - Veracruz
17,Zacatecas,Jalpa,17 - Jalpa
18,Coahuila,Zaragoza,18 - Zaragoza
18,Chiapas,Cintalapa de Figueroa,18 - Cintalapa de Figueroa
18,Guerrero,Marquelia,18 - Marquelia
18,Guanajuato,Uriangato,18 - Uriangato
18,Jalisco,Jalostotitlán,18 - Jalostotitlán
18,México,Ixtapaluca,18 - Ixtapaluca
18,Michoacán,Yurécuaro,18 - Yurécuaro
18,Nayarit,Ahuacatlán,18 - Ahuacatlán
18,Nuevo León,El cercado,18 - El cercado
18,Oaxaca,Natividad,18 - Natividad
18,Sinaloa,El rosario,18 - El rosario
18,San Luis Potosí,Tamazunchale,18 - Tamazunchale
18,Tamaulipas,Soto la Marina,18 - Soto la Marina
18,Veracruz,Tierra Blanca,18 - Tierra Blanca
18,Zacatecas,Loreto,18 - Loreto
19,Coahuila,San Buenaventura,19 - San Buenaventura
19,Chiapas,Pichucalco,19 - Pichucalco
19,Guerrero,Zumpango del Río,19 - Zumpango del Río
19,Guanajuato,Pénjamo,19 - Pénjamo
19,Jalisco,Poncitlán,19 - Poncitlán
19,México,Texcoco de Mora,19 - Texcoco de Mora
19,Michoacán,Huetamo de Núñez,19 - Huetamo de Núñez
19,Oaxaca,Teotitlán de Flores Magón,19 - Teotitlán de Flores Magón
19,Sinaloa,Estación Naranjo,19 - Estación Naranjo
19,San Luis Potosí,Santa María del Río,19 - Santa María del Río
19,Tamaulipas,Ciudad Tula,19 - Ciudad Tula
19,Veracruz,Cosamaloapan,19 - Cosamaloapan
19,Zacatecas,Juan Aldama,19 - Juan Aldama
20,Coahuila,Ciudad Melchor Múzquiz,20 - Ciudad Melchor Múzquiz
20,Chiapas,Puerto Madero (San Benito),20 - Puerto Madero (San Benito)
20,Guerrero,San Luis de la Loma,20 - San Luis de la Loma
20,Guanajuato,Cuerámaro,20 - Cuerámaro
20,Jalisco,Arandas,20 - Arandas
20,México,Toluca de Lerdo,20 - Toluca de Lerdo
20,Michoacán,Tacámbaro de Codallos,20 - Tacámbaro de Codallos
20,Nuevo León,Anáhuac,20 - Anáhuac
20,Oaxaca,Santa María Huatulco,20 - Santa María Huatulco
20,Sinaloa,Aguaruto,20 - Aguaruto
20,San Luis Potosí,El Naranjo,20 - El Naranjo
20,Tamaulipas,Nueva Ciudad Guerrero,20 - Nueva Ciudad Guerrero
20,Veracruz,Carlos A. Carrillo,20 - Carlos A. Carrillo
21,Coahuila,Viesca,21 - Viesca
21,Chiapas,Pijijiapan,21 - Pijijiapan
21,Guerrero,Petatlán,21 - Petatlán
21,Guanajuato,Empalme Escobedo (Escobedo),21 - Empalme Escobedo (Escobedo)
21,Jalisco,Talpa de Allende,21 - Talpa de Allende
21,México,Valle de Chalco Solidaridad,21 - Valle de Chalco Solidaridad
21,Michoacán,Ciudad Lázaro Cárdenas,21 - Ciudad Lázaro Cárdenas
21,Nuevo León,García,21 - García
21,Oaxaca,San Juan Bautista Cuicatlán,21 - San Juan Bautista Cuicatlán
21,Sinaloa,Cosalá,21 - Cosalá
21,Tamaulipas,Valle Hermoso,21 - Valle Hermoso
21,Veracruz,Pánuco,21 - Pánuco
22,Coahuila,Morelos,22 - Morelos
22,Chiapas,Reforma,22 - Reforma
22,Guerrero,La Unión,22 - La Unión
22,Guanajuato,San Luis de la Paz,22 - San Luis de la Paz
22,Jalisco,Etzatlán,22 - Etzatlán
22,México,Tejupilco de Hidalgo,22 - Tejupilco de Hidalgo
22,Michoacán,Las Guacamayas,22 - Las Guacamayas
22,Nuevo León,Ciudad Benito Juárez,22 - Ciudad Benito Juárez
22,Oaxaca,Villa Sola de Vega,22 - Villa Sola de Vega
22,Sinaloa,San Ignacio,22 - San Ignacio
22,Veracruz,Tampico Alto,22 - Tampico Alto
23,Coahuila,Arteaga,23 - Arteaga
23,Chiapas,Huixtla,23 - Huixtla
23,Guerrero,San Luis San Pedro,23 - San Luis San Pedro
23,Guanajuato,Valle de Santiago,23 - Valle de Santiago
23,Jalisco,Sayula,23 - Sayula
23,México,Chalco de Díaz Covarrubias,23 - Chalco de Díaz Covarrubias
23,Michoacán,Jiquilpan de Juárez,23 - Jiquilpan de Juárez
23,Oaxaca,Ocotlán de Morelos,23 - Ocotlán de Morelos
23,Sinaloa,Topolobampo,23 - Topolobampo
23,Veracruz,Tempoal de Sánchez,23 - Tempoal de Sánchez
24,Coahuila,Allende,24 - Allende
24,Chiapas,Motozintla de Mendoza,24 - Motozintla de Mendoza
24,Guerrero,Teloloapan,24 - Teloloapan
24,Guanajuato,Abasolo,24 - Abasolo
24,Jalisco,Ahualulco de Mercado,24 - Ahualulco de Mercado
24,México,Amatepec,24 - Amatepec
24,Michoacán,Tuxpan,24 - Tuxpan
24,Oaxaca,Villa de Zaachila,24 - Villa de Zaachila
24,Sinaloa,Lic. Benito Juárez (Campo Gobierno),24 - Lic. Benito Juárez (Campo Gobierno)
24,Veracruz,Tantoyuca,24 - Tantoyuca
25,Chiapas,Acala,25 - Acala
25,Guerrero,Técpan de Galeana,25 - Técpan de Galeana
25,Guanajuato,Rincón de Tamayo,25 - Rincón de Tamayo
25,Jalisco,Autlán de Navarro,25 - Autlán de Navarro
25,Michoacán,Cotija de la Paz,25 - Cotija de la Paz
25,Oaxaca,Miahuatlán de Porfirio Díaz,25 - Miahuatlán de Porfirio Díaz
25,Veracruz,Gutiérrez Zamora,25 - Gutiérrez Zamora
26,Guerrero,Huitzuco,26 - Huitzuco
26,Guanajuato,Villagrán,26 - Villagrán
26,Jalisco,Magdalena,26 - Magdalena
26,México,Melchor Ocampo,26 - Melchor Ocampo
26,Michoacán,Nueva Italia de Ruiz,26 - Nueva Italia de Ruiz
26,Oaxaca,Unión Hidalgo,26 - Unión Hidalgo
26,Veracruz,Platón Sánchez,26 - Platón Sánchez
27,Guerrero,Tixtla de Guerrero,27 - Tixtla de Guerrero
27,Guanajuato,Yuriria,27 - Yuriria
27,Jalisco,San Julián,27 - San Julián
27,México,San Vicente Chicoloapan de Juárez,27 - San Vicente Chicoloapan de Juárez
27,Michoacán,Cuitzeo del Porvenir,27 - Cuitzeo del Porvenir
27,Oaxaca,El Camarón,27 - El Camarón
27,Veracruz,Juan Rodríguez Clara,27 - Juan Rodríguez Clara
28,Guerrero,Tepecoacuilco de Trujano,28 - Tepecoacuilco de Trujano
28,Guanajuato,Apaseo el Grande,28 - Apaseo el Grande
28,Jalisco,Cocula,28 - Cocula
28,México,Capulhuac,28 - Capulhuac
28,Oaxaca,San Pedro Mixtepec -Dto. 22-,28 - San Pedro Mixtepec -Dto. 22-
28,Veracruz,Huatusco de Chicuellar,28 - Huatusco de Chicuellar
29,Guerrero,San Marcos,29 - San Marcos
29,Guanajuato,Purísima de Bustos,29 - Purísima de Bustos
29,Jalisco,El Grullo,29 - El Grullo
29,México,Juchitepec de Mariano Riva Palacio,29 - Juchitepec de Mariano Riva Palacio
29,Oaxaca,Santa Cruz Itundujia,29 - Santa Cruz Itundujia
29,Veracruz,Ixtaczoquitlán,29 - Ixtaczoquitlán
30,Guerrero,Azoyú,30 - Azoyú
30,Guanajuato,Salvatierra,30 - Salvatierra
30,Jalisco,San Miguel el Alto,30 - San Miguel el Alto
30,México,Tequixquiac,30 - Tequixquiac
30,Oaxaca,Chahuites,30 - Chahuites
30,Veracruz,Río Blanco,30 - Río Blanco
31,Guerrero,Tlapehuala,31 - Tlapehuala
31,Guanajuato,Marfil,31 - Marfil
31,Jalisco,Tala,31 - Tala
31,México,Xonacatlán,31 - Xonacatlán
31,Oaxaca,Heroica Ciudad de Ejutla de Crespo,31 - Heroica Ciudad de Ejutla de Crespo
31,Veracruz,Isla,31 - Isla
32,Guerrero,San Luis Acatlán,32 - San Luis Acatlán
32,Guanajuato,San José Iturbide,32 - San José Iturbide
32,Jalisco,La Barca,32 - La Barca
32,México,San Mateo Atenco,32 - San Mateo Atenco
32,Oaxaca,San Pedro Tapanatepec,32 - San Pedro Tapanatepec
32,Veracruz,Cuitláhuac,32 - Cuitláhuac
33,Guerrero,Chilapa de Álvarez,33 - Chilapa de Álvarez
33,Guanajuato,Apaseo el Alto,33 - Apaseo el Alto
33,Jalisco,Jamay,33 - Jamay
33,Oaxaca,Vicente Camalote,33 - Vicente Camalote
33,Veracruz,Fortín de las Flores,33 - Fortín de las Flores
34,Guerrero,Tlapa de Comonfort,34 - Tlapa de Comonfort
34,Guanajuato,Ciudad Manuel Doblado,34 - Ciudad Manuel Doblado
34,Jalisco,Yahualica de González Gallo,34 - Yahualica de González Gallo
34,Oaxaca,Villa de Tamazulápam del Progreso,34 - Villa de Tamazulápam del Progreso
34,Veracruz,Alvarado,34 - Alvarado
35,Guerrero,Tlalixtaquilla,35 - Tlalixtaquilla
35,Guanajuato,Jaral del Progreso,35 - Jaral del Progreso
35,Jalisco,Colotlán,35 - Colotlán
35,Oaxaca,San Juan Bautista lo de Soto,35 - San Juan Bautista lo de Soto
35,Veracruz,José Cardel,35 - José Cardel
36,Guerrero,Cuajinicuilapa,36 - Cuajinicuilapa
36,Guanajuato,San Diego de la Unión,36 - San Diego de la Unión
36,Jalisco,Cihuatlán,36 - Cihuatlán
36,México,Chiconcuac,36 - Chiconcuac
36,Oaxaca,San Juan Cacahuatepec,36 - San Juan Cacahuatepec
36,Veracruz,Banderilla,36 - Banderilla
37,Guerrero,Huamuxtitlan,37 - Huamuxtitlan
37,Guanajuato,Santa Cruz Juventino Rosas,37 - Santa Cruz Juventino Rosas
37,Jalisco,Zapotiltic,37 - Zapotiltic
37,Oaxaca,San Pedro Totolapa,37 - San Pedro Totolapa
37,Veracruz,Paraje Nuevo,37 - Paraje Nuevo
38,Guerrero,Cruz Grande,38 - Cruz Grande
38,Guanajuato,Doctor Mora,38 - Doctor Mora
38,Jalisco,Villa Corona,38 - Villa Corona
38,Oaxaca,San Miguel el Grande,38 - San Miguel el Grande
38,Veracruz,Playa Vicente,38 - Playa Vicente
39,Guerrero,Ocotito,39 - Ocotito
39,Guanajuato,Dolores Hgo. Cuna de la Indep. Nal.,39 - Dolores Hgo. Cuna de la Indep. Nal.
39,Jalisco,Teocaltiche,39 - Teocaltiche
39,México,Almoloya de Juárez,39 - Almoloya de Juárez
39,Oaxaca,Zimatlán de Álvarez,39 - Zimatlán de Álvarez
39,Veracruz,Altotonga,39 - Altotonga
40,Guerrero,Copala,40 - Copala
40,México,Ocoyoacac,40 - Ocoyoacac
40,Oaxaca,San Pablo Huitzo,40 - San Pablo Huitzo
40,Veracruz,Juan Díaz Covarrubias,40 - Juan Díaz Covarrubias
41,Guerrero,Zihuatanejo,41 - Zihuatanejo
41,Jalisco,Tequila,41 - Tequila
41,México,Zumpango,41 - Zumpango
41,Oaxaca,San Francisco Telixtlahuaca,41 - San Francisco Telixtlahuaca
41,Veracruz,Cuichapa,41 - Cuichapa
42,Jalisco,El Quince (San José el Quince),42 - El Quince (San José el Quince)
42,Oaxaca,Mariscala de Juárez,42 - Mariscala de Juárez
42,Veracruz,Santiago Tuxtla,42 - Santiago Tuxtla
43,Jalisco,San José el Verde (El Verde),43 - San José el Verde (El Verde)
43,Oaxaca,Santiago Pinotepa Nacional,43 - Santiago Pinotepa Nacional
43,Veracruz,Huayacocotla,43 - Huayacocotla
44,Jalisco,Jocotepec,44 - Jocotepec
44,Oaxaca,Santiago Jamiltepec,44 - Santiago Jamiltepec
44,Veracruz,Paso de Ovejas,44 - Paso de Ovejas
45,Jalisco,Tecalitlán,45 - Tecalitlán
45,Oaxaca,San Pedro Pochutla,45 - San Pedro Pochutla
45,Veracruz,Catemaco,45 - Catemaco
46,Jalisco,Chapala,46 - Chapala
46,Oaxaca,Heroica Ciudad de Tlaxiaco,46 - Heroica Ciudad de Tlaxiaco
46,Veracruz,Nogales,46 - Nogales
47,Jalisco,Ajijic,47 - Ajijic
47,Oaxaca,San Juan Bautista Valle Nacional,47 - San Juan Bautista Valle Nacional
47,Veracruz,Las Choapas,47 - Las Choapas
48,Jalisco,San Ignacio Cerro Gordo,48 - San Ignacio Cerro Gordo
48,Oaxaca,Lagunas,48 - Lagunas
48,Veracruz,General Miguel Alemán (Potrero Nuevo),48 - General Miguel Alemán (Potrero Nuevo)
49,Jalisco,Zacoalco de Torres,49 - Zacoalco de Torres
49,Oaxaca,Ciudad Ixtepec,49 - Ciudad Ixtepec
49,Veracruz,Coatzintla,49 - Coatzintla
50,Jalisco,Huejuquilla el Alto,50 - Huejuquilla el Alto
50,Oaxaca,Santiago Juxtlahuaca,50 - Santiago Juxtlahuaca
50,Veracruz,Ángel R. Cabada,50 - Ángel R. Cabada
51,Jalisco,Villa Hidalgo,51 - Villa Hidalgo
51,Oaxaca,San Sebastián Tecomaxtlahuaca,51 - San Sebastián Tecomaxtlahuaca
51,Veracruz,San Rafael,51 - San Rafael
52,Jalisco,Unión de San Antonio,52 - Unión de San Antonio
52,Oaxaca,Asunción Nochixtlán,52 - Asunción Nochixtlán
52,Veracruz,Tlacojalpan,52 - Tlacojalpan
53,Jalisco,Las Pintitas,53 - Las Pintitas
53,Oaxaca,San Francisco Ixhuatán,53 - San Francisco Ixhuatán
53,Veracruz,Cosoleacaque,53 - Cosoleacaque
54,Jalisco,Tamazula de Gordiano,54 - Tamazula de Gordiano
54,Oaxaca,San Blas Atempa,54 - San Blas Atempa
54,Veracruz,Lerdo de Tejada,54 - Lerdo de Tejada
55,Jalisco,Acatlán de Juárez,55 - Acatlán de Juárez
55,Oaxaca,Santo Domingo Tehuantepec,55 - Santo Domingo Tehuantepec
55,Veracruz,Tihuatlán,55 - Tihuatlán
56,Jalisco,Valle de Guadalupe,56 - Valle de Guadalupe
56,Oaxaca,Cuilápam de Guerrero,56 - Cuilápam de Guerrero
56,Veracruz,Atoyac,56 - Atoyac
57,Oaxaca,El Rosario,57 - El Rosario
57,Veracruz,Huiloapan de Cuauhtémoc,57 - Huiloapan de Cuauhtémoc
58,Oaxaca,Santa Lucia del Camino,58 - Santa Lucia del Camino
58,Veracruz,Cazones de Herrera,58 - Cazones de Herrera
59,Oaxaca,San Antonio de la Cal,59 - San Antonio de la Cal
59,Veracruz,Yecuatla,59 - Yecuatla
60,Veracruz,Soledad de Doblado,60 - Soledad de Doblado
61,Veracruz,Cerro Azul,61 - Cerro Azul
62,Veracruz,Tezonapa,62 - Tezonapa
66,Veracruz,Sihuapan,66 - Sihuapan
67,Veracruz,El Higo,67 - El Higo
68,Veracruz,Paso del Macho,68 - Paso del Macho
69,Veracruz,Tlapacoyan,69 - Tlapacoyan